epoch,train_loss,train_loc,train_cls,train_reg,val_loss,val_loc,val_cls,val_reg,saved_best,heatmap_saved
1,0.7975,0.6184,0.7614,0.0537,0.4975,0.3225,0.7628,0.0447,1,
2,0.4529,0.2898,0.7129,0.041,0.4915,0.316,0.7663,0.0446,1,
3,0.443,0.281,0.7077,0.041,0.49,0.3154,0.7615,0.0447,1,
4,0.4388,0.2774,0.7047,0.041,0.494,0.3184,0.7667,0.0446,0,
5,0.4363,0.2751,0.7034,0.0409,0.4871,0.3123,0.7627,0.0446,1,outputs/heatmaps/epoch_005_img3000.png
6,0.4338,0.2731,0.7007,0.041,0.4851,0.3102,0.763,0.0446,1,
7,0.4321,0.2717,0.6996,0.041,0.4784,0.3054,0.7536,0.0446,1,
8,0.4304,0.2702,0.6984,0.041,0.4823,0.3083,0.7583,0.0446,0,
9,0.4289,0.269,0.6971,0.0409,0.4798,0.3064,0.7557,0.0446,0,
10,0.4277,0.268,0.6963,0.0409,0.4854,0.3111,0.7599,0.0446,0,outputs/heatmaps/epoch_010_img3000.png
11,0.4264,0.2669,0.6953,0.0409,0.4832,0.3088,0.7608,0.0446,0,
12,0.4257,0.2663,0.6946,0.0409,0.4813,0.3073,0.7587,0.0446,0,
13,0.4246,0.2654,0.6936,0.0409,0.4832,0.3092,0.7586,0.0446,0,
14,0.4238,0.2647,0.6932,0.0409,0.4792,0.3056,0.7565,0.0446,0,
15,0.4234,0.2643,0.693,0.0409,0.4811,0.3071,0.7582,0.0446,0,outputs/heatmaps/epoch_015_img3000.png
16,0.4226,0.2637,0.6924,0.0409,0.4804,0.3065,0.7581,0.0446,0,
17,0.4222,0.2633,0.6918,0.0409,0.4811,0.3073,0.7577,0.0446,0,
18,0.4217,0.263,0.6911,0.0409,0.4787,0.3053,0.7559,0.0446,0,
