metric,value,unit
genome,"{""enc_ch"": [16, 16, 64], ""enc_depth"": [2, 1, 3], ""enc_k"": [3, 3, 3], ""enc_bits"": [8, 4, 4], ""btl_ch"": 128, ""dec_ch"": [96, 96, 64], ""parallelism"": 3}",
timestamp,2026-03-28T12:47:34,
fps_estimate,6.79,fps
luts,81069.0,count
lut_rams,1236.0,count
ffs,22126.0,count
brams_18k,57,count
dsps,44.0,count
clock_mhz,229.7,MHz
wns_ns,0.086,ns
timing_pass,True,bool
fits_kv260,True,bool
util_luts_pct,69.2,%
util_luts_used,81069.0,count
util_luts_available,117120,count
util_brams_pct,19.8,%
util_brams_used,57.0,count
util_brams_available,288,count
util_dsps_pct,3.5,%
util_dsps_used,44.0,count
util_dsps_available,1248,count
