generation,epoch,train_loss,val_loss
,1,6.907522811889648,5.15460289509464
,2,4.112243962287903,3.2594467714594266
,3,2.96034276843071,2.822367401805083
,4,2.611012040376663,2.745660666619805
,5,2.549281514883041,2.64327063836828
,6,2.49283269405365,2.655151833588333
,7,2.477079176902771,2.602315021648948
,8,2.4367542445659636,2.6002950484596847
,9,2.4288670265674592,2.6138557264748985
,10,2.418645544052124,2.5839582225985356
,11,2.4134851300716402,2.570889073735248
,12,2.397605322599411,2.5572234766991895
,13,2.3780103862285613,2.56319534190633
,14,2.384475836753845,2.557769032206694
,15,2.3857973659038545,2.5720786992483458
,16,2.3908001053333283,2.5557339441320606
,17,2.364088315963745,2.55357966278984
,18,2.376086353063583,2.5538636194645403
,19,2.3570948898792268,2.5596525204607943
,20,2.3605451154708863,2.559904430856246
,21,2.3586932361125945,2.5472380335910105
,22,2.355433248281479,2.5480434657907076
,23,2.352336127758026,2.5664213350463
,24,2.3702616596221926,2.545676097034967
,25,2.3531425476074217,2.5451171614238866
,26,2.3307820463180544,2.552221449177009
,1,7.326194005012512,5.628283779953323
,2,4.4553411364555355,3.5577420935530846
,3,3.086573246717453,2.876082616140457
,4,2.664713385105133,2.7183265268582155
,1,8.870631651878357,7.4955745160800165
,2,6.588072190284729,5.805537477227527
,3,5.260603814125061,4.735995743924387
,4,4.320166630744934,3.884577290491464
,5,3.6224851751327516,3.3510786599207454
,6,3.1288585829734803,3.016908258750906
,7,2.855916042327881,2.8794574593498146
,8,2.7233937191963196,2.75732320128181
,9,2.6136339020729067,2.712203682277411
,10,2.569001700878143,2.6771195790329636
,11,2.513628406524658,2.6629984955017427
,12,2.514305169582367,2.6328132184895283
,13,2.511658048629761,2.6286806401724294
,14,2.472055637836456,2.622177646574639
,15,2.4878003811836242,2.6282871075240957
,16,2.4550051045417787,2.60729834272006
,17,2.4668924522399904,2.618614459743335
,18,2.4389595317840578,2.6008278547468078
,19,2.4099177384376524,2.5976491181682864
,1,5.020431060791015,4.23096447220272
,2,3.9067239332199097,3.435615058597889
,3,3.300015876293182,3.1231779258436396
,4,2.895794143676758,2.7411378341303214
,5,2.642520487308502,2.53675748519921
,6,2.4588513731956483,2.4430636524713143
,7,2.342761279344559,2.4168791121237083
,8,2.2703778517246245,2.350057407901261
,9,2.257759346961975,2.2903933231104463
,10,2.193190332651138,2.2801108502871306
,11,2.1860222744941713,2.295674947128343
,12,2.14562996506691,2.2963190410933865
,13,2.1454981684684755,2.2602538027686934
,14,2.142947005033493,2.2361305949132335
,15,2.129806652069092,2.24967745376427
,16,2.111019095182419,2.241135212995856
,17,2.097581584453583,2.229286170476168
,18,2.0828580546379087,2.2142348420311286
,19,2.082403607368469,2.2000171975054665
,20,2.0646501922607423,2.2138546721414927
,21,2.055760966539383,2.2050343634314955
,22,2.078504765033722,2.2026203149049994
,23,2.0678700602054594,2.196235818574814
,24,2.045358374118805,2.1954997354606225
,25,2.0422847616672515,2.192536678619949
,26,2.045703307390213,2.1977149277521266
,1,2.4042507017096213,2.1458437325187147
,2,1.9721636795681492,2.1552774648925084
,3,1.9510240573924227,2.1626377479068744
,4,1.939157262982096,2.112806560960857
,5,1.9289913023102625,2.148516686424227
,6,1.9226329152392194,2.1104454879549075
,7,1.9180340212949294,2.1095056317737453
,1,4.243572602669398,3.424862779318625
,2,3.105731882651647,2.677640019450911
,3,2.5220371494690577,2.2420327342982356
,4,2.22361745039622,2.078780319187997
,5,1.9305613974730174,1.827505312483349
,6,1.8199040015538535,1.789520600868065
,7,1.7583998998006185,1.7332545927508691
,8,1.6806502888600032,1.6850349753176388
,9,1.6094856162865956,1.6843973282086129
,10,1.5978906482458115,1.6205311840177317
,11,1.5680804431438446,1.6457227577263565
,12,1.5431598434845606,1.6233320916772036
,13,1.5317077616850534,1.6230883179404734
,14,1.5339890629053117,1.6219512233016817
,15,1.4996366212765375,1.6034595510668583
,16,1.520915448665619,1.60998835898798
,17,1.5127906819184622,1.6039477395658575
,18,1.5400815238555272,1.600273736896115
,19,1.5209308822949728,1.6023838512700523
,20,1.512174732486407,1.602661062110073
,1,2.933067367474238,2.1231296390258283
,2,1.8825443744659425,1.4112285576237116
,3,1.292555137972037,1.0980148452865799
,4,0.9924247518181801,0.8576103986853001
,5,0.7940150539080302,0.7338533655415334
,6,0.7417017055054506,0.6670532387149614
,7,0.6602082135776679,0.6706648843062056
,8,0.6380586919685205,0.6191617307768797
,9,0.598389129837354,0.5994627692182026
,10,0.5904055719574293,0.5936856640252467
,11,0.5867441105345885,0.5800810186180909
,12,0.5627374557157357,0.5835004108240219
,13,0.5465320708851019,0.5766180973458672
,14,0.5639043351014456,0.5606032415912124
,15,0.544786544640859,0.5626824007595805
,16,0.5283369662861029,0.5556990489565782
,17,0.5304436246554057,0.556141624211089
,18,0.5413354848821957,0.5556153863411208
,19,0.542815055946509,0.5536613578640577
,20,0.5417696093519528,0.55615017321489
,1,3.427503502368927,2.206959487698081
,2,2.0573786815007526,1.4884023119577203
,3,1.621136778096358,1.3175583500897399
,4,1.2571993604302407,0.9360810417576283
,5,1.0387499913573266,0.8797754222014976
,6,0.8843323993186156,0.9807518119803192
,7,0.7779640833536784,0.6925839216582725
,8,0.705493514239788,0.6818265184006768
,9,0.6658819312850635,0.6246679348804507
,10,0.6226614452898502,0.6176465815518846
,11,0.6108806403974693,0.6234837423931949
,12,0.5966091411809127,0.5865597500386573
,13,0.5871864592035612,0.566637470050452
,1,0.9302853124122579,0.5459822150987703
,2,0.4528898911512159,0.49946199201332214
,3,0.44208840862711457,0.48579671163153265
,4,0.43717352872713827,0.48949357867240906
,5,0.4342852237321623,0.48788736218588863
,6,0.431961903785652,0.4819622466434827
,7,0.4300155960186521,0.4820973281501695
,8,0.4286160284984711,0.48168285703688457
,9,0.42708331700316776,0.4808542867330088
,10,0.4258175059817582,0.47801167151342927
,11,0.4248940524608678,0.48222475446549357
,12,0.4238526040468178,0.478671868985149
,13,0.4227581911990571,0.4815007486781415
,14,0.4220811827036469,0.48091252620358355
,15,0.42138616873495305,0.48365352292684094
,16,0.4206533836171541,0.481867823662505
,17,0.419954368482208,0.4781806003738714
,18,0.41933786663198924,0.47968836611942944
,19,0.4185837919407703,0.4760417445079319
,20,0.41813530952813555,0.47622673961296036
,21,0.4175739865813254,0.47906412627047296
,22,0.4173029301308424,0.47801857716352225
,23,0.4167112987919277,0.47755208111720665
,24,0.41636112525328567,0.4773955839776816
,25,0.4162145813159137,0.47877740433712923
,26,0.41563632728654293,0.4772085702522174
,27,0.41533744191814637,0.4781393255170265
,28,0.41556040348552314,0.47631618700250894
,29,0.4152418229266004,0.4778134871719798
,30,0.41480821038409954,0.47775298022606516
,1,0.8304911194081444,0.4881315540003277
,2,0.42805103218338575,0.477250278216549
,3,0.41756130169101824,0.47543883103183693
,4,0.4115404795155715,0.478274159748957
,5,0.4074987447394143,0.47708661271817293
,6,0.4032304086896177,0.4786190286958556
,7,0.39947493677149576,0.4829467447192102
,8,0.395449236526998,0.48779627761623273
,9,0.39179036247300175,0.4909951689063988
,10,0.3880733399802139,0.5091825474499186
,11,0.38478383410870204,0.5183420628860465
,12,0.3820218610296711,0.5031398625173933
,13,0.37896651678382337,0.5143323121764657
,14,0.37626555377305604,0.5057351273173322
,1,3.0488430668217266,1.809188735470378
,2,1.6210637827252232,1.2679081585639502
,3,1.1895732186561407,0.9523886020321735
,4,0.8866983938586804,0.7776294725817317
,5,0.7387282866840215,0.6592873135712526
,6,0.663440333087315,0.5914072545036287
,7,0.596966663534327,0.5640189180612271
,8,0.5588112960952197,0.563969983088838
,9,0.5550249135771463,0.5455980369988852
,10,0.5403146840805231,0.5749134585610447
,11,0.5235574568888938,0.5504467570384833
,12,0.5139190203459688,0.5395281653295463
,13,0.5094577330489491,0.5215805414719588
,14,0.504741157672202,0.5318218604483528
,15,0.49457683489304183,0.5196733122689216
,16,0.49353324350460553,0.5211364854719724
,17,0.49121729740800785,0.5214948277879143
,18,0.4803396324778712,0.5154423515246916
,19,0.4832784307095431,0.5122776738150934
,20,0.4823656548825345,0.5130147882880765
,21,0.4767135418662729,0.5121186121324429
,22,0.47049183300299235,0.511911792430278
,23,0.47843775430391,0.5083462282849887
,24,0.4780555901139282,0.511485408288777
,25,0.47641055782636005,0.5069141149079902
,26,0.46433670506920927,0.5087793358083718
,27,0.4686573048432668,0.5100993862060965
,28,0.4633165237515472,0.5081027900908055
,29,0.46407896534417026,0.5097342419786018
,30,0.46699839945911437,0.5083051506158897
,1,2.853670655294906,2.0839600825427347
,2,1.7619961181352304,1.351243406717933
,3,1.3372760294943817,1.1285004065304296
,4,1.019711365995481,0.9846260587325373
,5,0.8461945140084555,0.8442966785516163
,6,0.7177824375703353,0.6652631672919164
,7,0.6590757427751556,0.6028529877065877
,8,0.5806712378827177,0.6496954133639942
,9,0.5617730229399925,0.6091826616541819
,10,0.5275835283966952,0.5619040465237327
,11,0.5119258340939071,0.5483229307299331
,12,0.49148984357368114,0.528823779742021
,13,0.5077722287455271,0.5571487789603844
,14,0.4811876633370569,0.5402727468460614
,15,0.4787146183409432,0.5219713217233171
,16,0.47593679862429006,0.5208183298422582
,17,0.47067202662312707,0.520729252685013
,18,0.4709214355594428,0.516185542731632
,19,0.4639063854088155,0.5053994503473971
,20,0.4670204134412514,0.5038312728690161
,21,0.4643503085587376,0.5022723627369736
,22,0.456787657137065,0.5081093987098605
,23,0.46027084353358244,0.5057940407025682
,24,0.45505358267200086,0.5109867498407235
,25,0.4463004647761352,0.507385150057467
,26,0.44455237790595653,0.5089521851624866
,27,0.45649984617565953,0.5007751617860853
,28,0.4548760070357212,0.5033119897439653
,29,0.45808209813842476,0.5062973973709911
,30,0.4497165016887724,0.5073461349222134
,1,0.797524540100133,0.49746879060671156
,2,0.4528955932461918,0.4915411451741888
,3,0.44298722222562265,0.49000648435770217
,4,0.4387998035613527,0.4939831831525786
,5,0.4362967417282783,0.48710300761439207
,6,0.43377518905668466,0.4851330167782733
,7,0.4320734422717093,0.4783875749672679
,8,0.4304128403083579,0.4823058075954823
,9,0.42889829718364525,0.47984311006660085
,10,0.4277250783938962,0.48539163706922944
,11,0.4264389083887595,0.4832395876306494
,12,0.4256541379120039,0.4813316855051368
,13,0.4246304861619963,0.4831806944566061
,14,0.42382115075112564,0.479182400443257
,15,0.4233542832646736,0.48106328703913237
,16,0.422640165805155,0.4803870555872394
,17,0.42216079749886065,0.4811401511605659
,18,0.42169868837636526,0.4787255138269041
